<?xml version="1.0" encoding="UTF-8"?>
<project-private xmlns="http://www.netbeans.org/ns/project-private/1">
    <editor-bookmarks xmlns="http://www.netbeans.org/ns/editor-bookmarks/2" lastBookmarkId="0"/>
    <open-files xmlns="http://www.netbeans.org/ns/projectui-open-files/2">
        <group>
            <file>file:/C:/Users/mg096/Downloads/AutoXpert-V2/web/WebVenta.jsp</file>
            <file>file:/C:/Users/mg096/Downloads/AutoXpert-V2/web/Sucursal_has_Compra.jsp</file>
            <file>file:/C:/Users/mg096/Downloads/AutoXpert-V2/web/Compra.jsp</file>
        </group>
    </open-files>
</project-private>
