<?xml version="1.0" encoding="UTF-8"?>
<project-private xmlns="http://www.netbeans.org/ns/project-private/1">
    <editor-bookmarks xmlns="http://www.netbeans.org/ns/editor-bookmarks/2" lastBookmarkId="0"/>
    <open-files xmlns="http://www.netbeans.org/ns/projectui-open-files/2">
        <group>
            <file>file:/C:/Users/carli/OneDrive/Documentos/NetBeansProjects/AutoXpert/web/carrito.jsp</file>
            <file>file:/C:/Users/carli/OneDrive/Documentos/NetBeansProjects/AutoXpert/src/java/modelo/CarritoCompras.java</file>
            <file>file:/C:/Users/carli/OneDrive/Documentos/NetBeansProjects/AutoXpert/web/index.jsp</file>
            <file>file:/C:/Users/carli/OneDrive/Documentos/NetBeansProjects/AutoXpert/web/Inventario.jsp</file>
            <file>file:/C:/Users/carli/OneDrive/Documentos/NetBeansProjects/AutoXpert/src/java/modelo/Vehiculo.java</file>
            <file>file:/C:/Users/carli/OneDrive/Documentos/NetBeansProjects/AutoXpert/src/java/controlador/Controlador.java</file>
        </group>
    </open-files>
</project-private>
