<?xml version="1.0" encoding="UTF-8"?>
<project-private xmlns="http://www.netbeans.org/ns/project-private/1">
    <editor-bookmarks xmlns="http://www.netbeans.org/ns/editor-bookmarks/2" lastBookmarkId="0"/>
    <open-files xmlns="http://www.netbeans.org/ns/projectui-open-files/2">
        <group>
            <file>file:/C:/Users/estra/OneDrive/Escritorio/AutoXpert/web/Principal.jsp</file>
            <file>file:/C:/Users/estra/OneDrive/Escritorio/AutoXpert/web/index.jsp</file>
            <file>file:/C:/Users/estra/OneDrive/Escritorio/AutoXpert/web/DetalleVenta.jsp</file>
            <file>file:/C:/Users/estra/OneDrive/Escritorio/AutoXpert/src/java/config/Conexion.java</file>
            <file>file:/C:/Users/estra/OneDrive/Escritorio/AutoXpert/web/DetalleCompra.jsp</file>
            <file>file:/C:/Users/estra/OneDrive/Escritorio/AutoXpert/src/java/controlador/Controlador.java</file>
            <file>file:/C:/Users/estra/OneDrive/Escritorio/AutoXpert/src/java/modelo/DetalleCompraDAO.java</file>
        </group>
    </open-files>
</project-private>
