<?xml version="1.0" encoding="UTF-8"?>
<project-private xmlns="http://www.netbeans.org/ns/project-private/1">
    <editor-bookmarks xmlns="http://www.netbeans.org/ns/editor-bookmarks/2" lastBookmarkId="0"/>
    <open-files xmlns="http://www.netbeans.org/ns/projectui-open-files/2">
        <group>
            <file>file:/C:/Users/24gab/OneDrive/Documentos/AutoXpert/web/Principal.jsp</file>
            <file>file:/C:/Users/24gab/OneDrive/Documentos/AutoXpert/web/Empleado.jsp</file>
            <file>file:/C:/Users/24gab/OneDrive/Documentos/AutoXpert/src/java/config/Conexion.java</file>
            <file>file:/C:/Users/24gab/OneDrive/Documentos/AutoXpert/web/Sucursal.jsp</file>
        </group>
    </open-files>
</project-private>
